<?xml version="1.0" encoding="UTF-8"?>

<channel name="xfce4-panel" version="1.0">
  <property name="configver" type="int" value="2"/>
  <property name="panels" type="array">
    <value type="int" value="1"/>
    <value type="int" value="2"/>
    <property name="panel-1" type="empty">
      <property name="position" type="string" value="p=6;x=0;y=0"/>
      <property name="length" type="uint" value="100"/>
      <property name="position-locked" type="bool" value="true"/>
      <property name="icon-size" type="uint" value="0"/>
      <property name="size" type="uint" value="32"/>
      <property name="plugin-ids" type="array">
        <value type="int" value="18"/>
        <value type="int" value="14"/>
        <value type="int" value="3"/>
        <value type="int" value="5"/>
        <value type="int" value="19"/>
        <value type="int" value="20"/>
        <value type="int" value="22"/>
        <value type="int" value="23"/>
        <value type="int" value="6"/>
        <value type="int" value="11"/>
        <value type="int" value="27"/>
        <value type="int" value="28"/>
        <value type="int" value="24"/>
        <value type="int" value="25"/>
        <value type="int" value="26"/>
        <value type="int" value="10"/>
        <value type="int" value="8"/>
        <value type="int" value="12"/>
        <value type="int" value="13"/>
      </property>
    </property>
    <property name="panel-2" type="empty">
      <property name="autohide-behavior" type="uint" value="0"/>
      <property name="position" type="string" value="p=10;x=0;y=0"/>
      <property name="position-locked" type="bool" value="true"/>
      <property name="size" type="uint" value="35"/>
      <property name="plugin-ids" type="array">
        <value type="int" value="1"/>
        <value type="int" value="16"/>
        <value type="int" value="2"/>
        <value type="int" value="7"/>
        <value type="int" value="21"/>
        <value type="int" value="4"/>
        <value type="int" value="15"/>
        <value type="int" value="17"/>
      </property>
      <property name="length" type="uint" value="35"/>
    </property>
  </property>
  <property name="plugins" type="empty">
    <property name="plugin-1" type="string" value="applicationsmenu">
      <property name="show-button-title" type="bool" value="false"/>
      <property name="button-icon" type="string" value="/leolinuxcustom/images/Leo Linux Logo v2.png"/>
      <property name="custom-menu" type="bool" value="false"/>
      <property name="custom-menu-file" type="string" value="/leolinuxcustom/programs/xfce-applications.menu"/>
    </property>
    <property name="plugin-2" type="string" value="tasklist">
      <property name="grouping" type="uint" value="1"/>
      <property name="show-handle" type="bool" value="false"/>
    </property>
    <property name="plugin-3" type="string" value="separator">
      <property name="expand" type="bool" value="false"/>
      <property name="style" type="uint" value="0"/>
    </property>
    <property name="plugin-4" type="string" value="pager">
      <property name="rows" type="uint" value="1"/>
    </property>
    <property name="plugin-5" type="string" value="separator">
      <property name="style" type="uint" value="0"/>
    </property>
    <property name="plugin-8" type="string" value="pulseaudio">
      <property name="enable-keyboard-shortcuts" type="bool" value="true"/>
      <property name="show-notifications" type="bool" value="true"/>
    </property>
    <property name="plugin-10" type="string" value="notification-plugin"/>
    <property name="plugin-12" type="string" value="clock">
      <property name="digital-format" type="string" value="%I:%M %p"/>
      <property name="timezone" type="string" value="EST"/>
    </property>
    <property name="plugin-13" type="string" value="separator">
      <property name="style" type="uint" value="0"/>
    </property>
    <property name="plugin-14" type="string" value="actions"/>
    <property name="plugin-16" type="string" value="separator"/>
    <property name="plugin-21" type="string" value="separator"/>
    <property name="plugin-7" type="string" value="separator">
      <property name="style" type="uint" value="0"/>
      <property name="expand" type="bool" value="true"/>
    </property>
    <property name="plugin-15" type="string" value="systray">
      <property name="names-ordered" type="array">
        <value type="string" value="thunar"/>
        <value type="string" value="networkmanager applet"/>
        <value type="string" value="network"/>
      </property>
    </property>
    <property name="plugin-17" type="string" value="separator">
      <property name="style" type="uint" value="0"/>
    </property>
    <property name="plugin-18" type="string" value="separator">
      <property name="style" type="uint" value="0"/>
    </property>
    <property name="plugin-19" type="string" value="separator">
      <property name="style" type="uint" value="0"/>
      <property name="expand" type="bool" value="true"/>
    </property>
    <property name="plugin-20" type="string" value="launcher">
      <property name="items" type="array">
        <value type="string" value="16149877121.desktop"/>
      </property>
    </property>
    <property name="plugin-22" type="string" value="launcher">
      <property name="items" type="array">
        <value type="string" value="16149877262.desktop"/>
      </property>
    </property>
    <property name="plugin-23" type="string" value="launcher">
      <property name="items" type="array">
        <value type="string" value="16149877473.desktop"/>
      </property>
    </property>
    <property name="plugin-24" type="string" value="thunar-tpa"/>
    <property name="plugin-25" type="string" value="launcher"/>
    <property name="plugin-26" type="string" value="separator">
      <property name="expand" type="bool" value="true"/>
      <property name="style" type="uint" value="0"/>
    </property>
    <property name="plugin-6" type="string" value="launcher">
      <property name="items" type="array">
        <value type="string" value="16149892412.desktop"/>
      </property>
    </property>
    <property name="plugin-11" type="string" value="launcher">
      <property name="items" type="array">
        <value type="string" value="16150027951.desktop"/>
      </property>
    </property>
    <property name="plugin-27" type="string" value="launcher"/>
    <property name="plugin-28" type="string" value="launcher">
      <property name="items" type="array">
        <value type="string" value="16149887605.desktop"/>
      </property>
    </property>
  </property>
</channel>
