<?xml version="1.0" encoding="UTF-8"?>

<channel name="xfce4-desktop" version="1.0">
  <property name="backdrop" type="empty">
    <property name="screen0" type="empty">
      <property name="monitorVirtual1" type="empty">
        <property name="workspace0" type="empty">
          <property name="color-style" type="int" value="0"/>
          <property name="image-style" type="int" value="5"/>
          <property name="last-image" type="string" value="/usr/share/backgrounds/xfce/xfce-stripes.png"/>
        </property>
        <property name="workspace1" type="empty">
          <property name="color-style" type="int" value="0"/>
          <property name="image-style" type="int" value="5"/>
          <property name="last-image" type="string" value="/usr/share/backgrounds/xfce/xfce-stripes.png"/>
        </property>
        <property name="workspace2" type="empty">
          <property name="color-style" type="int" value="0"/>
          <property name="image-style" type="int" value="5"/>
          <property name="last-image" type="string" value="/usr/share/backgrounds/xfce/xfce-stripes.png"/>
        </property>
        <property name="workspace3" type="empty">
          <property name="color-style" type="int" value="0"/>
          <property name="image-style" type="int" value="5"/>
          <property name="last-image" type="string" value="/usr/share/backgrounds/xfce/xfce-stripes.png"/>
        </property>
      </property>
      <property name="monitorVGA-1" type="empty">
        <property name="workspace0" type="empty">
          <property name="color-style" type="int" value="0"/>
          <property name="image-style" type="int" value="5"/>
          <property name="last-image" type="string" value="/leolinuxcustom/images/Background Images/Leo_Linux_Background_4.png"/>
        </property>
        <property name="workspace1" type="empty">
          <property name="color-style" type="int" value="0"/>
          <property name="image-style" type="int" value="5"/>
          <property name="last-image" type="string" value="/usr/share/backgrounds/xfce/xfce-stripes.png"/>
        </property>
      </property>
      <property name="monitor0" type="empty">
        <property name="image-path" type="string" value="/leolinuxcustom/images/Background Images/Leo Linux Background 4.png"/>
        <property name="image-show" type="bool" value="true"/>
        <property name="image-style" type="int" value="0"/>
      </property>
    </property>
  </property>
  <property name="last" type="empty">
    <property name="window-width" type="int" value="621"/>
    <property name="window-height" type="int" value="594"/>
  </property>
</channel>
